Keyword,SearchVolume,CompetitionLevel,Type
dietary supplements,50000,100,1
healthy diet,50000,21,1
weight loss,500000,48,1
weight loss tips,50000,32,1
fat burning,5000,100,2
healthy eating,50000,16,2
lose weight fast,50000,75,2
weight loss supplements,50000,100,2
workout plans,50000,41,2
best dietary supplements for weight loss,50000,100,3
exercises to burn belly fat,50000,19,3
healthy recipes for weight loss,50000,36,3
how to lose weight naturally,5000,32,3
dietary supplements,50000,100,1
dietary supplements for weight loss,50000,100,1
fat burning exercises,5000,18,1
fitness programs,5000,37,1
healthy diet,50000,21,1
healthy weight management,500,9,1
metabolism boosters,50000,100,1
nutritional plans for weight loss,5000,39,1
weight loss,500000,48,1
weight loss motivation,5000,26,1
weight loss solutions,5000,47,1
weight loss tips,50000,32,1
